,intent_loss,intent_acc,set
0,1.390389288263339,0.6549368840527127,train
